block,line,page,text,word_no,x0,x1,y0,y1
0,0,1,COMIDA,0,189.62789916992188,261.4959716796875,687.5505981445312,710.172607421875
0,0,1,VENEZOLANA,1,265.30224609375,385.4682922363281,687.5505981445312,710.172607421875
1,0,1,MENÚ,0,179.02780151367188,396.54473876953125,337.4263610839844,429.53265380859375
0,0,2,CACHAPA,0,122.9384994506836,180.55169677734375,397.89019775390625,413.0942077636719
0,0,2,CON,1,183.43170166015625,210.6237030029297,397.89019775390625,413.0942077636719
0,0,2,SOLOMO,2,213.5037078857422,266.56768798828125,397.89019775390625,413.0942077636719
0,0,2,"c9,500",3,269.44769287109375,306.98492431640625,397.89019775390625,413.0942077636719
0,1,2,Deliciosa,0,96.50199890136719,138.3920135498047,414.72119140625,427.3211975097656
0,1,2,Cachapa,1,143.45201110839844,183.072021484375,414.72119140625,427.3211975097656
0,1,2,de,2,188.13201904296875,199.73202514648438,414.72119140625,427.3211975097656
0,1,2,maíz,3,204.79202270507812,226.5320281982422,414.72119140625,427.3211975097656
0,1,2,tierno,4,231.59202575683594,259.2820129394531,414.72119140625,427.3211975097656
0,1,2,rellena,5,264.342041015625,295.3511047363281,414.72119140625,427.3211975097656
0,1,2,de,6,300.4111328125,312.0111389160156,414.72119140625,427.3211975097656
0,2,2,queso,0,96.50199890136719,125.11199188232422,426.15118408203125,438.7511901855469
0,2,2,de,1,127.96199035644531,139.56199645996094,426.15118408203125,438.7511901855469
0,2,2,"mano,",2,142.4119873046875,171.77200317382812,426.15118408203125,438.7511901855469
0,2,2,acompañada,3,174.6219940185547,234.08201599121094,426.15118408203125,438.7511901855469
0,2,2,de,4,236.9320068359375,248.53201293945312,426.15118408203125,438.7511901855469
0,2,2,jugosa,5,251.3820037841797,282.15203857421875,426.15118408203125,438.7511901855469
0,2,2,punta,6,285.0020446777344,312.0021057128906,426.15118408203125,438.7511901855469
0,3,2,de,0,96.50199890136719,108.10199737548828,437.5811767578125,450.1811828613281
0,3,2,Solomo,1,113.08199310302734,148.70199584960938,437.5811767578125,450.1811828613281
0,3,2,a,2,153.68199157714844,159.0019989013672,437.5811767578125,450.1811828613281
0,3,2,la,3,163.98199462890625,171.78199768066406,437.5811767578125,450.1811828613281
0,3,2,parrilla,4,176.76199340820312,208.13198852539062,437.5811767578125,450.1811828613281
0,3,2,y,5,213.1119842529297,218.6119842529297,437.5811767578125,450.1811828613281
0,3,2,nuestra,6,223.59197998046875,258.7619934082031,437.5811767578125,450.1811828613281
0,3,2,guasacaca,7,263.74200439453125,312.0020446777344,437.5811767578125,450.1811828613281
0,4,2,parrillera.,0,268.56201171875,312.0021057128906,449.01116943359375,461.6111755371094
1,0,2,CACHAPA,0,262.2392883300781,319.85247802734375,509.78668212890625,524.9906616210938
1,0,2,CON,1,322.73248291015625,349.92449951171875,509.78668212890625,524.9906616210938
1,0,2,CERDO,2,352.80450439453125,394.0845031738281,509.78668212890625,524.9906616210938
1,0,2,"c8,800",3,396.9645080566406,436.2885437011719,509.78668212890625,524.9906616210938
2,0,2,Deliciosa,0,262.2051086425781,304.09515380859375,527.3384399414062,539.9384155273438
2,0,2,Cachapa,1,306.30517578125,345.92523193359375,527.3384399414062,539.9384155273438
2,0,2,de,2,348.13525390625,359.7352600097656,527.3384399414062,539.9384155273438
2,0,2,maíz,3,361.9452819824219,383.685302734375,527.3384399414062,539.9384155273438
2,0,2,tierno,4,385.89532470703125,413.58538818359375,527.3384399414062,539.9384155273438
2,0,2,rellena,5,415.79541015625,446.80548095703125,527.3384399414062,539.9384155273438
2,0,2,de,6,449.0155029296875,460.6155090332031,527.3384399414062,539.9384155273438
2,1,2,queso,0,262.2051086425781,290.81512451171875,538.7684326171875,551.368408203125
2,1,2,de,1,294.255126953125,305.8551330566406,538.7684326171875,551.368408203125
2,1,2,"mano,",2,309.2951354980469,338.6551818847656,538.7684326171875,551.368408203125
2,1,2,acompañada,3,342.0951843261719,401.5552673339844,538.7684326171875,551.368408203125
2,1,2,de,4,404.9952697753906,416.59527587890625,538.7684326171875,551.368408203125
2,1,2,crujiente,5,420.0352783203125,460.6053466796875,538.7684326171875,551.368408203125
2,2,2,cerdo,0,262.2051086425781,288.46514892578125,550.1984252929688,562.7984008789062
2,2,2,frito,1,290.8851623535156,310.3462219238281,550.1984252929688,562.7984008789062
2,2,2,y,2,312.7662353515625,318.2662353515625,550.1984252929688,562.7984008789062
2,2,2,nuestra,3,320.6862487792969,355.8562927246094,550.1984252929688,562.7984008789062
2,2,2,guasacaca,4,358.27630615234375,406.5363464355469,550.1984252929688,562.7984008789062
2,2,2,parrillera.,5,408.95635986328125,452.3964538574219,550.1984252929688,562.7984008789062
3,0,2,CACHAPA,0,86.40139770507812,144.0146026611328,621.8560180664062,637.0599975585938
3,0,2,CON,1,146.8946075439453,174.08660888671875,621.8560180664062,637.0599975585938
3,0,2,QUESO,2,176.96661376953125,219.026611328125,621.8560180664062,637.0599975585938
3,0,2,"c6,500",3,221.9066162109375,260.5946350097656,621.8560180664062,637.0599975585938
4,0,2,Deliciosa,0,87.08589935302734,128.9759063720703,637.9682006835938,650.5681762695312
4,0,2,Cachapa,1,131.39590454101562,171.0159149169922,637.9682006835938,650.5681762695312
4,0,2,de,2,173.4359130859375,185.03591918945312,637.9682006835938,650.5681762695312
4,0,2,maíz,3,187.45591735839844,209.1959228515625,637.9682006835938,650.5681762695312
4,0,2,tierno,4,211.6159210205078,239.30592346191406,637.9682006835938,650.5681762695312
4,0,2,rellena,5,241.72592163085938,272.73492431640625,637.9682006835938,650.5681762695312
4,1,2,de,0,87.08589935302734,98.68589782714844,649.398193359375,661.9981689453125
4,1,2,queso,1,101.10589599609375,129.7158966064453,649.398193359375,661.9981689453125
4,1,2,de,2,132.13589477539062,143.73590087890625,649.398193359375,661.9981689453125
4,1,2,mano,3,146.15589904785156,172.7259063720703,649.398193359375,661.9981689453125
4,1,2,y,4,175.14590454101562,180.64590454101562,649.398193359375,661.9981689453125
4,1,2,natilla.,5,183.06590270996094,213.89590454101562,649.398193359375,661.9981689453125
5,0,2,LAS,0,63.761199951171875,80.01520538330078,695.85302734375,707.1929931640625
5,0,2,CACHAPAS,1,82.27420806884766,129.7852020263672,695.85302734375,707.1929931640625
5,0,2,SON,2,132.044189453125,151.3851776123047,695.85302734375,707.1929931640625
5,0,2,UNA,3,153.6441650390625,173.4441680908203,695.85302734375,707.1929931640625
5,0,2,JOYA,4,175.70315551757812,197.59115600585938,695.85302734375,707.1929931640625
5,0,2,DE,5,199.8501434326172,211.4241485595703,695.85302734375,707.1929931640625
5,0,2,LA,6,213.68313598632812,224.8881378173828,695.85302734375,707.1929931640625
5,0,2,GASTRONOMÍA,7,227.14712524414062,294.287109375,695.85302734375,707.1929931640625
5,0,2,VENEZOLANA:,8,296.2743225097656,359.1573791503906,695.85302734375,707.1929931640625
5,0,2,es,9,361.443359375,370.9023742675781,695.916015625,707.1929931640625
5,0,2,una,10,373.1883544921875,388.5873718261719,695.916015625,707.1929931640625
5,0,2,especie,11,390.87335205078125,422.44537353515625,695.916015625,707.1929931640625
5,0,2,de,12,424.7313537597656,435.1083679199219,695.916015625,707.1929931640625
5,0,2,panqueque,13,437.39434814453125,484.19439697265625,695.916015625,707.1929931640625
5,0,2,elabo-,14,486.4803771972656,512.409423828125,695.916015625,707.1929931640625
5,1,2,rada,0,63.761199951171875,81.59019470214844,706.7160034179688,717.9929809570312
5,1,2,con,1,83.96619415283203,99.32109832763672,706.7160034179688,717.9929809570312
5,1,2,maíz,2,101.69709777832031,121.2000961303711,706.7160034179688,717.9929809570312
5,1,2,tierno,3,123.57609558105469,148.05609130859375,706.7160034179688,717.9929809570312
5,1,2,"molido,",4,150.43209838867188,181.86012268066406,706.7160034179688,717.9929809570312
5,1,2,suave,5,184.2361297607422,208.12213134765625,706.7160034179688,717.9929809570312
5,1,2,y,6,210.49813842773438,215.35813903808594,706.7160034179688,717.9929809570312
5,1,2,ligeramente,7,217.73414611816406,267.11712646484375,706.7160034179688,717.9929809570312
5,1,2,dulce.,8,269.49310302734375,294.5131530761719,706.7160034179688,717.9929809570312
5,1,2,Se,9,296.8891296386719,306.9151306152344,706.7160034179688,717.9929809570312
5,1,2,sirven,10,309.2911071777344,333.98712158203125,706.7160034179688,717.9929809570312
5,1,2,calientes,11,336.36309814453125,372.9940185546875,706.7160034179688,717.9929809570312
5,1,2,y,12,375.3699951171875,380.22998046875,706.7160034179688,717.9929809570312
5,1,2,rellenas,13,382.60595703125,414.4399108886719,706.7160034179688,717.9929809570312
5,1,2,de,14,416.8158874511719,427.1929016113281,706.7160034179688,717.9929809570312
5,1,2,queso,15,429.5688781738281,455.1648864746094,706.7160034179688,717.9929809570312
5,1,2,de,16,457.5408630371094,467.9178771972656,706.7160034179688,717.9929809570312
5,1,2,mano,17,470.2938537597656,494.27886962890625,706.7160034179688,717.9929809570312
5,1,2,que,18,496.65484619140625,512.350830078125,706.7160034179688,717.9929809570312
5,2,2,se,0,63.761199951171875,73.22020721435547,717.5159912109375,728.79296875
5,2,2,derrite,1,75.21820831298828,102.31721496582031,717.5159912109375,728.79296875
5,2,2,suavemente,2,104.31521606445312,155.30020141601562,717.5159912109375,728.79296875
5,2,2,en,3,157.29820251464844,167.67520141601562,717.5159912109375,728.79296875
5,2,2,cada,4,169.67320251464844,189.09519958496094,717.5159912109375,728.79296875
5,2,2,"bocado,",5,191.09320068359375,224.564208984375,717.5159912109375,728.79296875
5,2,2,pueden,6,228.5557098388672,259.9566955566406,717.5159912109375,728.79296875
5,2,2,combinarse,7,261.9501953125,310.4971008300781,717.5159912109375,728.79296875
5,2,2,con,8,312.4906005859375,327.8454895019531,717.5159912109375,728.79296875
5,2,2,"natilla,",9,329.8434753417969,357.0144958496094,717.5159912109375,728.79296875
5,2,2,"carne,",10,359.0124816894531,384.5815124511719,717.5159912109375,728.79296875
5,2,2,pollo.,11,386.5794982910156,409.5924987792969,717.5159912109375,728.79296875
5,2,2,Son,12,411.5904846191406,427.3854675292969,717.5159912109375,728.79296875
5,2,2,el,13,429.3834533691406,436.52947998046875,717.5159912109375,728.79296875
5,2,2,encuentro,14,438.5274658203125,481.0884704589844,717.5159912109375,728.79296875
5,2,2,perfec-,15,483.0864562988281,512.443603515625,717.5159912109375,728.79296875
5,3,2,to,0,63.761199951171875,72.50920104980469,728.3159790039062,739.5929565429688
5,3,2,entre,1,74.3362045288086,96.17021179199219,728.3159790039062,739.5929565429688
5,3,2,lo,2,97.9972152709961,105.58421325683594,728.3159790039062,739.5929565429688
5,3,2,rústico,3,107.41121673583984,135.7792205810547,728.3159790039062,739.5929565429688
5,3,2,y,4,137.60621643066406,142.46621704101562,728.3159790039062,739.5929565429688
5,3,2,lo,5,144.293212890625,151.88021850585938,728.3159790039062,739.5929565429688
5,3,2,sabroso.,6,153.70721435546875,189.1312255859375,728.3159790039062,739.5929565429688
5,3,2,Un,7,190.95822143554688,202.79322814941406,728.3159790039062,739.5929565429688
5,3,2,bocado,8,204.62022399902344,235.58023071289062,728.3159790039062,739.5929565429688
5,3,2,que,9,237.4072265625,253.1032257080078,728.3159790039062,739.5929565429688
5,3,2,conecta,10,254.9302215576172,288.0313415527344,728.3159790039062,739.5929565429688
5,3,2,con,11,289.85833740234375,305.2132263183594,728.3159790039062,739.5929565429688
5,3,2,la,12,307.04022216796875,313.88922119140625,728.3159790039062,739.5929565429688
5,3,2,tradición,13,315.7162170410156,351.75225830078125,728.3159790039062,739.5929565429688
5,3,2,de,14,353.5792541503906,363.9562683105469,728.3159790039062,739.5929565429688
5,3,2,las,15,365.78326416015625,377.0422668457031,728.3159790039062,739.5929565429688
5,3,2,familias,16,378.8692626953125,410.3332824707031,728.3159790039062,739.5929565429688
5,3,2,Venezolanas,17,411.90289306640625,463.2029724121094,728.3159790039062,739.5929565429688
5,3,2,y,18,465.02996826171875,469.88995361328125,728.3159790039062,739.5929565429688
5,3,2,conquista,19,471.7169494628906,512.3339233398438,728.3159790039062,739.5929565429688
5,4,2,a,0,63.761199951171875,68.51319885253906,739.1160278320312,750.3930053710938
5,4,2,cualquiera,1,70.71820068359375,113.01820373535156,739.1160278320312,750.3930053710938
5,4,2,en,2,115.22320556640625,125.60021209716797,739.1160278320312,750.3930053710938
5,4,2,la,3,127.80521392822266,134.6542205810547,739.1160278320312,750.3930053710938
5,4,2,primera,4,136.85922241210938,168.6562042236328,739.1160278320312,750.3930053710938
5,4,2,mordida.,5,170.8612060546875,208.01321411132812,739.1160278320312,750.3930053710938
6,0,2,AREPA,0,42.83399963378906,81.34200286865234,318.1372985839844,333.34130859375
6,0,2,VEGETARIANA,1,83.8740005493164,167.22598266601562,318.1372985839844,333.34130859375
6,0,2,"c6,000",2,170.1060028076172,209.4180145263672,318.1372985839844,333.34130859375
7,0,2,AREPA,0,42.83399963378906,81.34200286865234,57.497314453125,72.70130920410156
7,0,2,GRANDE,1,84.22200012207031,134.6088104248047,57.497314453125,72.70130920410156
7,0,2,LLANERA,2,137.4888153076172,192.0780029296875,57.497314453125,72.70130920410156
7,0,2,"c6,500",3,197.8380126953125,235.32601928710938,57.497314453125,72.70130920410156
7,1,2,Deliciosa,0,41.59769821166992,83.48770141601562,73.36856842041016,85.96857452392578
7,1,2,Arepa,1,87.54769897460938,114.97769165039062,73.36856842041016,85.96857452392578
7,1,2,rellena,2,119.03768920898438,150.04669189453125,73.36856842041016,85.96857452392578
7,1,2,de,3,154.106689453125,165.70669555664062,73.36856842041016,85.96857452392578
7,1,2,carne,4,169.76669311523438,195.36669921875,73.36856842041016,85.96857452392578
7,1,2,a,5,199.42669677734375,204.7467041015625,73.36856842041016,85.96857452392578
7,1,2,la,6,208.80670166015625,216.60670471191406,73.36856842041016,85.96857452392578
7,1,2,"parrilla,",7,220.6667022705078,254.97669982910156,73.36856842041016,85.96857452392578
7,1,2,queso,8,259.0367126464844,287.646728515625,73.36856842041016,85.96857452392578
7,2,2,"frito,",0,41.59769821166992,63.847694396972656,84.36856842041016,96.96857452392578
7,2,2,"aguacate,",1,66.26769256591797,111.4966812133789,84.36856842041016,96.96857452392578
7,2,2,acompañada,2,113.91667938232422,173.3756866455078,84.36856842041016,96.96857452392578
7,2,2,de,3,175.79568481445312,187.39569091796875,84.36856842041016,96.96857452392578
7,2,2,2,4,189.81568908691406,195.43568420410156,84.36856842041016,96.96857452392578
7,2,2,Tequeños,5,197.3956756591797,242.7657012939453,84.36856842041016,96.96857452392578
7,2,2,y,6,245.18569946289062,250.68569946289062,84.36856842041016,96.96857452392578
7,2,2,1,7,253.10569763183594,258.1957092285156,84.36856842041016,96.96857452392578
7,2,2,salsa.,8,260.61572265625,286.6557312011719,84.36856842041016,96.96857452392578
8,0,2,AREPA,0,42.83399963378906,81.34200286865234,107.65679931640625,122.86079406738281
8,0,2,GRANDE,1,84.22200012207031,134.6088104248047,107.65679931640625,122.86079406738281
8,0,2,DE,2,137.4888153076172,153.02880859375,107.65679931640625,122.86079406738281
8,0,2,REINA,3,155.9088134765625,191.70480346679688,107.65679931640625,122.86079406738281
8,0,2,PEPIADA,4,194.58480834960938,245.54759216308594,107.65679931640625,122.86079406738281
8,0,2,"c6,500",5,251.30760192871094,289.99560546875,107.65679931640625,122.86079406738281
8,1,2,Deliciosa,0,41.599098205566406,83.48909759521484,123.5287857055664,136.1287841796875
8,1,2,Arepa,1,87.00909423828125,114.4380874633789,123.5287857055664,136.1287841796875
8,1,2,rellena,2,117.95808410644531,148.96807861328125,123.5287857055664,136.1287841796875
8,1,2,de,3,152.4880828857422,164.0880889892578,123.5287857055664,136.1287841796875
8,1,2,una,4,167.60809326171875,184.76809692382812,123.5287857055664,136.1287841796875
8,1,2,mezcla,5,188.28810119628906,220.42710876464844,123.5287857055664,136.1287841796875
8,1,2,de,6,223.94711303710938,235.547119140625,123.5287857055664,136.1287841796875
8,1,2,pollo,7,239.06712341308594,262.1771240234375,123.5287857055664,136.1287841796875
8,2,2,mechado,0,41.599098205566406,84.8291015625,134.52879333496094,147.1287841796875
8,2,2,con,1,86.78910064697266,103.819091796875,134.52879333496094,147.1287841796875
8,2,2,aguacate,2,105.77909088134766,148.06910705566406,134.52879333496094,147.1287841796875
8,2,2,y,3,150.0290985107422,155.5290985107422,134.52879333496094,147.1287841796875
8,2,2,"especies,",4,157.4890899658203,200.7891082763672,134.52879333496094,147.1287841796875
8,2,2,acompañada,5,202.7490997314453,262.2091064453125,134.52879333496094,147.1287841796875
8,3,2,de,0,41.599098205566406,53.199100494384766,145.52879333496094,158.1287841796875
8,3,2,2,1,55.619102478027344,61.23910140991211,145.52879333496094,158.1287841796875
8,3,2,Tequeños,2,63.19910430908203,108.569091796875,145.52879333496094,158.1287841796875
8,3,2,y,3,110.98908996582031,116.48908996582031,145.52879333496094,158.1287841796875
8,3,2,1,4,118.90908813476562,123.99908447265625,145.52879333496094,158.1287841796875
8,3,2,salsa.,5,126.41908264160156,152.4591064453125,145.52879333496094,158.1287841796875
9,0,2,AREPA,0,42.83399963378906,81.34200286865234,168.85699462890625,184.0609893798828
9,0,2,GRANDE,1,84.22200012207031,134.6088104248047,168.85699462890625,184.0609893798828
9,0,2,DE,2,137.4888153076172,153.02880859375,168.85699462890625,184.0609893798828
9,0,2,CARNE,3,155.9088134765625,196.51681518554688,168.85699462890625,184.0609893798828
9,0,2,MECHADA,4,199.39682006835938,259.3368225097656,168.85699462890625,184.0609893798828
9,0,2,"c6,000",5,265.0968322753906,304.40887451171875,168.85699462890625,184.0609893798828
9,1,2,Deliciosa,0,41.60110092163086,83.49110412597656,184.72947692871094,197.3294677734375
9,1,2,Arepa,1,85.45110321044922,112.88109588623047,184.72947692871094,197.3294677734375
9,1,2,rellena,2,114.84109497070312,145.85110473632812,184.72947692871094,197.3294677734375
9,1,2,de,3,147.81109619140625,159.41110229492188,184.72947692871094,197.3294677734375
9,1,2,carne,4,161.37109375,186.97109985351562,184.72947692871094,197.3294677734375
9,1,2,mechada,5,188.93109130859375,231.381103515625,184.72947692871094,197.3294677734375
9,2,2,acompañada,0,41.60110092163086,101.06110382080078,195.72947692871094,208.3294677734375
9,2,2,de,1,103.4811019897461,115.08110046386719,195.72947692871094,208.3294677734375
9,2,2,2,2,117.5010986328125,123.12110137939453,195.72947692871094,208.3294677734375
9,2,2,Tequeños,3,125.08110046386719,170.4511260986328,195.72947692871094,208.3294677734375
9,2,2,y,4,172.87112426757812,178.37112426757812,195.72947692871094,208.3294677734375
9,2,2,1,5,180.79112243652344,185.88111877441406,195.72947692871094,208.3294677734375
9,2,2,salsa.,6,188.30111694335938,214.3411407470703,195.72947692871094,208.3294677734375
10,0,2,AREPA,0,42.59379959106445,81.10179901123047,268.2173156738281,283.42132568359375
10,0,2,GRANDE,1,83.98179626464844,134.3686065673828,268.2173156738281,283.42132568359375
10,0,2,DE,2,137.2486114501953,152.78860473632812,268.2173156738281,283.42132568359375
10,0,2,QUESO,3,155.66860961914062,197.72860717773438,268.2173156738281,283.42132568359375
10,0,2,"c5,500",4,200.60861206054688,238.61260986328125,268.2173156738281,283.42132568359375
10,1,2,Deliciosa,0,41.3588981628418,83.2489013671875,284.0887756347656,296.68878173828125
10,1,2,Arepa,1,85.66889953613281,113.09789276123047,284.0887756347656,296.68878173828125
10,1,2,rellena,2,115.51789093017578,146.52789306640625,284.0887756347656,296.68878173828125
10,1,2,de,3,148.94789123535156,160.5478973388672,284.0887756347656,296.68878173828125
10,1,2,queso,4,162.9678955078125,191.57791137695312,284.0887756347656,296.68878173828125
10,1,2,semiduro,5,193.99790954589844,237.867919921875,284.0887756347656,296.68878173828125
10,2,2,acompañada,0,41.3588981628418,100.81890106201172,295.0887756347656,307.68878173828125
10,2,2,de,1,103.23889923095703,114.83889770507812,295.0887756347656,307.68878173828125
10,2,2,2,2,117.25889587402344,122.87889862060547,295.0887756347656,307.68878173828125
10,2,2,Tequeños,3,124.83889770507812,170.20892333984375,295.0887756347656,307.68878173828125
10,2,2,y,4,172.62892150878906,178.12892150878906,295.0887756347656,307.68878173828125
10,2,2,1,5,180.54891967773438,185.638916015625,295.0887756347656,307.68878173828125
10,2,2,salsa.,6,188.0589141845703,214.09893798828125,295.0887756347656,307.68878173828125
11,0,2,AREPA,0,42.83399963378906,81.34200286865234,219.01708984375,234.22108459472656
11,0,2,GRANDE,1,84.22200012207031,134.6088104248047,219.01708984375,234.22108459472656
11,0,2,DE,2,137.4888153076172,153.02880859375,219.01708984375,234.22108459472656
11,0,2,POLLO,3,155.9088134765625,196.1328125,219.01708984375,234.22108459472656
11,0,2,"c5,500",4,199.0128173828125,237.01681518554688,219.01708984375,234.22108459472656
11,1,2,Deliciosa,0,41.599098205566406,83.48909759521484,234.8890838623047,247.48907470703125
11,1,2,Arepa,1,85.78909301757812,113.21908569335938,234.8890838623047,247.48907470703125
11,1,2,rellena,2,115.51908111572266,146.53009033203125,234.8890838623047,247.48907470703125
11,1,2,de,3,148.83009338378906,160.4300994873047,234.8890838623047,247.48907470703125
11,1,2,pollo,4,162.7301025390625,185.84010314941406,234.8890838623047,247.48907470703125
11,1,2,mechado,5,188.14010620117188,231.3701171875,234.8890838623047,247.48907470703125
11,2,2,acompañada,0,41.599098205566406,101.05909729003906,245.8890838623047,258.48907470703125
11,2,2,de,1,103.47909545898438,115.07909393310547,245.8890838623047,258.48907470703125
11,2,2,2,2,117.49909210205078,123.11909484863281,245.8890838623047,258.48907470703125
11,2,2,Tequeños,3,125.07809448242188,170.44912719726562,245.8890838623047,258.48907470703125
11,2,2,y,4,172.86912536621094,178.36912536621094,245.8890838623047,258.48907470703125
11,2,2,1,5,180.78912353515625,185.87911987304688,245.8890838623047,258.48907470703125
11,2,2,salsa.,6,188.2991180419922,214.33914184570312,245.8890838623047,258.48907470703125
12,0,2,AREPAS,0,31.104999542236328,102.98382568359375,24.194725036621094,48.02960968017578
12,0,2,GRANDES,1,107.41778564453125,197.76210021972656,24.194725036621094,48.02960968017578
13,0,2,CACHAPAS,0,29.08445930480957,131.1591339111328,357.78955078125,381.6244201660156
0,0,3,PLATOS,0,35.548301696777344,108.28773498535156,24.194725036621094,48.02960968017578
0,0,3,FUERTES,1,112.72169494628906,193.31875610351562,24.194725036621094,48.02960968017578
1,0,3,PARRILLA,0,33.92064666748047,122.95536041259766,530.3585815429688,554.1934814453125
2,0,3,POLLO,0,222.6875,262.9114990234375,454.42730712890625,469.6313171386719
2,0,3,AL,1,265.79150390625,281.0794982910156,454.42730712890625,469.6313171386719
2,0,3,GRILL,2,283.9595031738281,317.1034851074219,454.42730712890625,469.6313171386719
2,0,3,"c6,500",3,319.9834899902344,357.47149658203125,454.42730712890625,469.6313171386719
2,1,3,Delicioso,0,182.4062042236328,229.34320068359375,469.8266906738281,483.6866760253906
2,1,3,pollo,1,234.66720581054688,260.08819580078125,469.8266906738281,483.6866760253906
2,1,3,al,2,262.75018310546875,271.3301696777344,469.8266906738281,483.6866760253906
2,1,3,grill,3,273.9921569824219,292.7581481933594,469.8266906738281,483.6866760253906
2,1,3,acompañado,4,295.4201354980469,361.6841125488281,469.8266906738281,483.6866760253906
2,2,3,de,0,191.283203125,204.04319763183594,481.82769775390625,495.68768310546875
2,2,3,arroz,1,206.7052001953125,232.2252197265625,481.82769775390625,495.68768310546875
2,2,3,"blanco,",2,234.88722229003906,271.8142395019531,481.82769775390625,495.68768310546875
2,2,3,fresca,3,274.4762268066406,305.2652282714844,481.82769775390625,495.68768310546875
2,2,3,ensalada,4,307.9272155761719,352.97216796875,481.82769775390625,495.68768310546875
2,2,3,y,5,355.6341552734375,361.68414306640625,481.82769775390625,495.68768310546875
2,3,3,nuestra,0,264.01519775390625,302.7021484375,493.8287048339844,507.6886901855469
2,3,3,guasacaca.,1,305.3641357421875,361.68414306640625,493.8287048339844,507.6886901855469
3,0,3,POLLO,0,198.43209838867188,238.65609741210938,359.66461181640625,374.8686218261719
3,0,3,SALTEADO,1,241.53610229492188,304.1640930175781,359.66461181640625,374.8686218261719
3,0,3,"c6,500",2,307.0440979003906,344.5321044921875,359.66461181640625,374.8686218261719
3,1,3,Jugoso,0,198.40089416503906,234.74490356445312,374.04931640625,387.9093017578125
3,1,3,pollo,1,237.0109100341797,262.4319152832031,374.04931640625,387.9093017578125
3,1,3,salteado,2,264.6979064941406,308.2358703613281,374.04931640625,387.9093017578125
3,1,3,con,3,310.5018615722656,329.2359619140625,374.04931640625,387.9093017578125
3,1,3,cebolla,4,331.501953125,367.7689514160156,374.04931640625,387.9093017578125
3,1,3,y,5,370.0349426269531,376.0849304199219,374.04931640625,387.9093017578125
3,2,3,chile,0,198.40089416503906,222.12786865234375,386.0503234863281,399.9103088378906
3,2,3,"dulce,",1,224.54237365722656,255.2884521484375,386.0503234863281,399.9103088378906
3,2,3,acompañado,2,257.70294189453125,323.9658203125,386.0503234863281,399.9103088378906
3,2,3,de,3,326.37921142578125,339.1391906738281,386.0503234863281,399.9103088378906
3,2,3,frijoles,4,341.5591735839844,375.9671630859375,386.0503234863281,399.9103088378906
3,3,3,"negros,",0,198.40089416503906,236.98887634277344,398.05133056640625,411.91131591796875
3,3,3,arroz,1,239.65087890625,265.1708679199219,398.05133056640625,411.91131591796875
3,3,3,blanco,2,267.8328552246094,301.69195556640625,398.05133056640625,411.91131591796875
3,3,3,y,3,304.35394287109375,310.4039306640625,398.05133056640625,411.91131591796875
3,3,3,aguacate.,4,313.06591796875,362.81890869140625,398.05133056640625,411.91131591796875
4,0,3,Deliciosa,0,175.02000427246094,222.64891052246094,271.27691650390625,285.13690185546875
4,0,3,Chuleta,1,226.72177124023438,267.35052490234375,271.27691650390625,285.13690185546875
4,0,3,de,2,271.4233703613281,284.5171203613281,271.27691650390625,285.13690185546875
4,0,3,cerdo,3,288.5899658203125,318.36895751953125,271.27691650390625,285.13690185546875
4,0,3,al,4,322.4418029785156,331.2719421386719,271.27691650390625,285.13690185546875
4,0,3,grill,5,335.3437194824219,354.79925537109375,271.27691650390625,285.13690185546875
4,1,3,acompañada,0,175.02000427246094,240.2313232421875,283.27691650390625,297.13690185546875
4,1,3,de,1,242.49732971191406,255.23532104492188,283.27691650390625,297.13690185546875
4,1,3,arroz,2,257.5013427734375,282.9410400390625,283.27691650390625,297.13690185546875
4,1,3,"blanco,",3,285.2070617675781,322.0097351074219,283.27691650390625,297.13690185546875
4,1,3,fresca,4,324.2757568359375,354.96026611328125,283.27691650390625,297.13690185546875
4,2,3,ensalada,0,200.93600463867188,245.9810028076172,295.2779235839844,309.1379089355469
4,2,3,y,1,248.64300537109375,254.69300842285156,295.2779235839844,309.1379089355469
4,2,3,nuestra,2,257.3550109863281,296.0419616699219,295.2779235839844,309.1379089355469
4,2,3,guasacaca.,3,298.7039489746094,355.0239562988281,295.2779235839844,309.1379089355469
5,0,3,CHULETA,0,195.76950073242188,250.34429931640625,256.11767578125,271.3216857910156
5,0,3,DE,1,253.22430419921875,268.7643127441406,256.11767578125,271.3216857910156
5,0,3,CERDO,2,271.6443176269531,312.92431640625,256.11767578125,271.3216857910156
5,0,3,"c6,500",3,318.684326171875,356.1723327636719,256.11767578125,271.3216857910156
6,0,3,PABELLÓN,0,207.19349670410156,269.04150390625,158.5816650390625,173.78565979003906
6,0,3,"c6,500",1,271.9215087890625,309.40948486328125,158.5816650390625,173.78565979003906
6,1,3,Tradicional,0,205.9644012451172,260.99737548828125,174.45950317382812,188.3195037841797
6,1,3,sabor,1,263.9233703613281,292.5563659667969,174.45950317382812,188.3195037841797
6,1,3,Venezolano,2,295.1226501464844,353.8735656738281,174.45950317382812,188.3195037841797
6,1,3,de,3,356.799560546875,369.5595397949219,174.45950317382812,188.3195037841797
6,1,3,jugosa,4,372.48553466796875,406.3325500488281,174.45950317382812,188.3195037841797
6,2,3,carne,0,205.9644012451172,234.1243896484375,186.46047973632812,200.3204803466797
6,2,3,"mechada,",1,236.33538818359375,286.26434326171875,186.46047973632812,200.3204803466797
6,2,3,acompañado,2,288.475341796875,354.73931884765625,186.46047973632812,200.3204803466797
6,2,3,de,3,356.9503173828125,369.7102966308594,186.46047973632812,200.3204803466797
6,2,3,frijoles,4,371.9212951660156,406.32928466796875,186.46047973632812,200.3204803466797
6,3,3,"negros,",0,205.9644012451172,244.55238342285156,198.46145629882812,212.3214569091797
6,3,3,arroz,1,247.577392578125,273.0973815917969,198.46145629882812,212.3214569091797
6,3,3,"blanco,",2,276.12237548828125,313.04827880859375,198.46145629882812,212.3214569091797
6,3,3,plátano,3,316.0732727050781,354.5512390136719,198.46145629882812,212.3214569091797
6,3,3,maduro,4,357.57623291015625,397.27630615234375,198.46145629882812,212.3214569091797
6,3,3,y,5,400.3013000488281,406.3512878417969,198.46145629882812,212.3214569091797
6,4,3,aguacate.,0,205.9644012451172,255.71739196777344,210.46243286132812,224.3224334716797
7,0,3,BISTEC,0,264.48541259765625,304.4442443847656,71.9127197265625,87.11671447753906
7,0,3,"c7,000",1,307.3242492675781,343.58941650390625,71.9127197265625,87.11671447753906
7,1,3,Delicioso,0,161.59519958496094,208.53219604492188,87.31301879882812,101.17301940917969
7,1,3,Bistec,1,213.40521240234375,244.502197265625,87.31301879882812,101.17301940917969
7,1,3,al,2,246.93870544433594,255.51870727539062,87.31301879882812,101.17301940917969
7,1,3,grill,3,257.960693359375,276.7266845703125,87.31301879882812,101.17301940917969
7,1,3,acompañado,4,279.1631774902344,345.4271545410156,87.31301879882812,101.17301940917969
7,2,3,de,0,161.59519958496094,174.35519409179688,99.31399536132812,113.17399597167969
7,2,3,arroz,1,179.70120239257812,205.22122192382812,99.31399536132812,113.17399597167969
7,2,3,"blanco,",2,210.56723022460938,247.49423217773438,99.31399536132812,113.17399597167969
7,2,3,fresca,3,252.84024047851562,283.6292419433594,99.31399536132812,113.17399597167969
7,2,3,ensalada,4,288.9752197265625,334.0201721191406,99.31399536132812,113.17399597167969
7,2,3,y,5,339.36614990234375,345.4161376953125,99.31399536132812,113.17399597167969
7,3,3,nuestra,0,247.7471923828125,286.43414306640625,111.31497192382812,125.17497253417969
7,3,3,guasacaca.,1,289.09613037109375,345.4161376953125,111.31497192382812,125.17497253417969
8,0,3,PARRILLA,0,287.9678039550781,344.1157531738281,574.66748046875,589.8714599609375
8,0,3,MIXTA,1,346.9957580566406,384.0049133300781,574.66748046875,589.8714599609375
8,0,3,PERSONAL,2,386.8849182128906,450.2449035644531,574.66748046875,589.8714599609375
8,0,3,"c8,800",3,453.1249084472656,491.24664306640625,574.66748046875,589.8714599609375
8,1,3,Jugosa,0,287.9316101074219,323.2525939941406,591.7446899414062,605.604736328125
8,1,3,parrilla,1,325.5185852050781,359.7945861816406,591.7446899414062,605.604736328125
8,1,3,de,2,362.0605773925781,374.7875671386719,591.7446899414062,605.604736328125
8,1,3,170g,3,377.0535583496094,401.8663024902344,591.7446899414062,605.604736328125
8,1,3,de,4,404.13226318359375,416.8592529296875,591.7446899414062,605.604736328125
8,1,3,colita,5,419.125244140625,446.76495361328125,591.7446899414062,605.604736328125
8,2,3,de,0,287.9316101074219,301.1620178222656,603.7446899414062,617.604736328125
8,2,3,"cuadril,",1,310.2664489746094,349.8231506347656,603.7446899414062,617.604736328125
8,2,3,170g,2,358.92645263671875,385.00860595703125,603.7446899414062,617.604736328125
8,2,3,de,3,394.1130065917969,407.3434143066406,603.7446899414062,617.604736328125
8,2,3,"pollo,",4,416.4467468261719,446.6402282714844,603.7446899414062,617.604736328125
8,3,3,crujientes,0,287.9316101074219,337.0913391113281,615.7446899414062,629.604736328125
8,3,3,papas,1,339.336181640625,369.11907958984375,615.7446899414062,629.604736328125
8,3,3,"fritas,",2,371.3639221191406,400.1659851074219,615.7446899414062,629.604736328125
8,3,3,ensalada,3,402.4108581542969,446.65472412109375,615.7446899414062,629.604736328125
8,4,3,de,0,287.9316101074219,300.69158935546875,627.7446899414062,641.604736328125
8,4,3,repollo,1,303.35357666015625,338.87255859375,627.7446899414062,641.604736328125
8,4,3,y,2,341.5345458984375,347.58453369140625,627.7446899414062,641.604736328125
8,4,3,1,3,350.24652099609375,355.84552001953125,627.7446899414062,641.604736328125
8,4,3,salsa.,4,358.50750732421875,387.1515197753906,627.7446899414062,641.604736328125
9,0,3,PLATO,0,301.8876953125,340.9224853515625,674.5073852539062,689.7113647460938
9,0,3,KETO,1,343.802490234375,375.5784912109375,674.5073852539062,689.7113647460938
9,1,3,(CONSULTAR),0,301.8515930175781,373.9786376953125,691.58447265625,705.4445190429688
0,0,4,PANINIS,0,35.33399963378906,110.87973022460938,21.554588317871094,45.38947296142578
0,0,4,Y,1,114.71501159667969,127.60530853271484,21.554588317871094,45.38947296142578
0,0,4,BURGER,2,131.4405975341797,206.01348876953125,21.554588317871094,45.38947296142578
1,0,4,MENÚ,0,28.093732833862305,83.54632568359375,612.9178466796875,636.7527465820312
1,0,4,KIDS,1,87.98028564453125,130.71095275878906,612.9178466796875,636.7527465820312
2,0,4,TEQUE,0,101.17680358886719,140.80079650878906,62.92633056640625,78.13032531738281
2,0,4,HAMBURGUESA,1,143.68080139160156,235.9248046875,62.92633056640625,78.13032531738281
2,0,4,"c8,500",2,238.8048095703125,276.27001953125,62.92633056640625,78.13032531738281
3,0,4,Nuestra,0,55.47800064086914,96.14500427246094,80.72512817382812,94.58512878417969
3,0,4,Teque,1,98.64530944824219,129.84130859375,80.72512817382812,94.58512878417969
3,0,4,Hamburguesa,2,132.93231201171875,204.6962890625,80.72512817382812,94.58512878417969
3,0,4,es,3,207.78729248046875,219.4692840576172,80.72512817382812,94.58512878417969
3,0,4,una,4,222.56028747558594,241.436279296875,80.72512817382812,94.58512878417969
3,0,4,fusión,5,244.52728271484375,276.26226806640625,80.72512817382812,94.58512878417969
3,1,4,perfecta,0,55.47800064086914,97.9050064086914,92.72610473632812,106.58610534667969
3,1,4,de,1,101.74401092529297,114.50401306152344,92.72610473632812,106.58610534667969
3,1,4,queso,2,118.343017578125,149.8140106201172,92.72610473632812,106.58610534667969
3,1,4,"mozzarella,",3,153.65301513671875,211.1610107421875,92.72610473632812,106.58610534667969
3,1,4,envuelto,4,215.00001525878906,259.702880859375,92.72610473632812,106.58610534667969
3,1,4,en,5,263.5418701171875,276.2468566894531,92.72610473632812,106.58610534667969
3,2,4,nuestra,0,55.47800064086914,94.16500091552734,104.72708129882812,118.58708190917969
3,2,4,masa,1,100.3030014038086,127.64899444580078,104.72708129882812,118.58708190917969
3,2,4,de,2,133.7869873046875,146.54698181152344,104.72708129882812,118.58708190917969
3,2,4,Tequeños,3,151.51678466796875,201.4237518310547,104.72708129882812,118.58708190917969
3,2,4,con,4,207.56175231933594,226.2947540283203,104.72708129882812,118.58708190917969
3,2,4,150g,5,232.43275451660156,257.3587646484375,104.72708129882812,118.58708190917969
3,2,4,de,6,263.49676513671875,276.2567443847656,104.72708129882812,118.58708190917969
3,3,4,carne,0,55.47800064086914,83.63800811767578,116.72805786132812,130.5880584716797
3,3,4,"angus,",1,91.99140930175781,126.13540649414062,116.72805786132812,130.5880584716797
3,3,4,"tocineta,",2,134.48880004882812,179.59979248046875,116.72805786132812,130.5880584716797
3,3,4,"tomate,",3,187.95318603515625,228.38919067382812,116.72805786132812,130.5880584716797
3,3,4,"cebolla,",4,236.7436981201172,276.24468994140625,116.72805786132812,130.5880584716797
3,4,4,crujientes,0,110.00499725341797,160.12098693847656,128.72903442382812,142.5890350341797
3,4,4,papas,1,162.78298950195312,193.0659942626953,128.72903442382812,142.5890350341797
3,4,4,fritas,2,195.72799682617188,221.89700317382812,128.72903442382812,142.5890350341797
3,4,4,y,3,224.5590057373047,230.6090087890625,128.72903442382812,142.5890350341797
3,4,4,2,4,233.27101135253906,239.45301818847656,128.72903442382812,142.5890350341797
3,4,4,salsas.,5,242.11502075195312,276.248046875,128.72903442382812,142.5890350341797
4,0,4,Irresistible,0,249.4739990234375,305.0350036621094,216.21206665039062,230.0720672607422
4,0,4,panini,1,308.3899841308594,340.3669738769531,216.21206665039062,230.0720672607422
4,0,4,relleno,2,343.7219543457031,380.01092529296875,216.21206665039062,230.0720672607422
4,0,4,de,3,383.36590576171875,396.34588623046875,216.21206665039062,230.0720672607422
4,0,4,carne,4,399.70086669921875,428.7408447265625,216.21206665039062,230.0720672607422
4,1,4,al,0,249.4739990234375,258.2740173339844,228.21304321289062,242.0730438232422
4,1,4,"grill,",1,264.55499267578125,287.6549987792969,228.21304321289062,242.0730438232422
4,1,4,pico,2,293.93597412109375,316.0899963378906,228.21304321289062,242.0730438232422
4,1,4,de,3,322.3709716796875,335.3509521484375,228.21304321289062,242.0730438232422
4,1,4,"gallo,",4,341.6319274902344,370.3650207519531,228.21304321289062,242.0730438232422
4,1,4,crujientes,5,376.64599609375,428.74090576171875,228.21304321289062,242.0730438232422
4,2,4,papas,0,249.4739990234375,280.63702392578125,240.21401977539062,254.0740203857422
4,2,4,y,1,283.739013671875,289.78900146484375,240.21401977539062,254.0740203857422
4,2,4,1,2,292.8909912109375,298.489990234375,240.21401977539062,254.0740203857422
4,2,4,salsa.,3,301.59197998046875,331.33599853515625,240.21401977539062,254.0740203857422
5,0,4,PANINI,0,249.60740661621094,290.2633972167969,201.0504150390625,216.25440979003906
5,0,4,DE,1,293.1434020996094,308.68341064453125,201.0504150390625,216.25440979003906
5,0,4,CARNE,2,311.56341552734375,352.17138671875,201.0504150390625,216.25440979003906
5,0,4,"c6,000",3,357.931396484375,396.04339599609375,201.0504150390625,216.25440979003906
6,0,4,PANINI,0,176.0474090576172,216.70339965820312,315.42242431640625,330.6264343261719
6,0,4,DE,1,219.58340454101562,235.12339782714844,315.42242431640625,330.6264343261719
6,0,4,POLLO,2,238.00340270996094,278.2261962890625,315.42242431640625,330.6264343261719
6,0,4,"c6,000",3,281.106201171875,319.2193908691406,315.42242431640625,330.6264343261719
6,1,4,Irresistible,0,138.7021026611328,191.84307861328125,330.5757141113281,344.4356994628906
6,1,4,panini,1,195.17608642578125,226.05307006835938,330.5757141113281,344.4356994628906
6,1,4,relleno,2,229.38607788085938,264.35504150390625,330.5757141113281,344.4356994628906
6,1,4,de,3,267.6880187988281,280.447998046875,330.5757141113281,344.4356994628906
6,1,4,pollo,4,283.7809753417969,309.20196533203125,330.5757141113281,344.4356994628906
6,1,4,al,5,312.5349426269531,321.11492919921875,330.5757141113281,344.4356994628906
6,2,4,"grill,",0,138.7021026611328,160.70208740234375,342.57672119140625,356.43670654296875
6,2,4,pico,1,164.33209228515625,185.8260955810547,342.57672119140625,356.43670654296875
6,2,4,de,2,189.4561004638672,202.21609497070312,342.57672119140625,356.43670654296875
6,2,4,"gallo,",3,205.84609985351562,233.4781036376953,342.57672119140625,356.43670654296875
6,2,4,crujientes,4,237.1081085205078,287.2229919433594,342.57672119140625,356.43670654296875
6,2,4,papas,5,290.85296630859375,321.135986328125,342.57672119140625,356.43670654296875
6,3,4,y,0,275.50909423828125,281.55908203125,354.5777282714844,368.4377136230469
6,3,4,1,1,284.2210693359375,289.820068359375,354.5777282714844,368.4377136230469
6,3,4,salsa.,2,292.4820556640625,321.1260681152344,354.5777282714844,368.4377136230469
7,0,4,TENDERS,0,248.5478973388672,302.4159240722656,414.8305969238281,430.03460693359375
7,0,4,DE,1,305.2959289550781,320.8359375,414.8305969238281,430.03460693359375
7,0,4,POLLO,2,323.7159423828125,363.938720703125,414.8305969238281,430.03460693359375
7,0,4,"c6,000",3,366.8187255859375,406.1307678222656,414.8305969238281,430.03460693359375
7,1,4,Deliciosas,0,249.0,300.5679931640625,431.5845031738281,445.4444885253906
7,1,4,Tiras,1,302.7250671386719,327.47613525390625,431.5845031738281,445.4444885253906
7,1,4,de,2,330.13812255859375,342.8981018066406,431.5845031738281,445.4444885253906
7,1,4,pollo,3,345.5600891113281,370.9810791015625,431.5845031738281,445.4444885253906
7,2,4,acompañadas,0,249.0,319.8949890136719,443.58551025390625,457.44549560546875
7,2,4,de,1,323.02996826171875,335.7899475097656,443.58551025390625,457.44549560546875
7,2,4,crujientes,2,338.9249267578125,389.0409240722656,443.58551025390625,457.44549560546875
7,3,4,papas,0,249.0,279.28302001953125,455.5865173339844,469.4465026855469
7,3,4,fritas.,1,281.94500732421875,311.3479919433594,455.5865173339844,469.4465026855469
8,0,4,ENSALADA,0,169.23049926757812,233.23968505859375,513.5864868164062,528.7904663085938
8,0,4,CÉSAR,1,236.11968994140625,274.1956787109375,513.5864868164062,528.7904663085938
8,0,4,"c5,000",2,277.07568359375,315.7025146484375,513.5864868164062,528.7904663085938
8,1,4,Lechuga,0,118.20020294189453,161.21018981933594,529.70556640625,543.5656127929688
8,1,4,fresca,1,169.50970458984375,200.29869079589844,529.70556640625,543.5656127929688
8,1,4,bañada,2,208.59820556640625,245.77821350097656,529.70556640625,543.5656127929688
8,1,4,en,3,254.07772827148438,266.78271484375,529.70556640625,543.5656127929688
8,1,4,cremoso,4,275.08111572265625,319.80712890625,529.70556640625,543.5656127929688
8,2,4,aderezo,0,118.20020294189453,158.48219299316406,541.70654296875,555.5665893554688
8,2,4,César,1,161.71620178222656,190.69020080566406,541.70654296875,555.5665893554688
8,2,4,con,2,193.92420959472656,212.65721130371094,541.70654296875,555.5665893554688
8,2,4,tiras,3,215.89122009277344,238.0892333984375,541.70654296875,555.5665893554688
8,2,4,de,4,241.3232421875,254.08323669433594,541.70654296875,555.5665893554688
8,2,4,pollo,5,257.3172302246094,282.73822021484375,541.70654296875,555.5665893554688
8,2,4,al,6,285.9721984863281,294.55218505859375,541.70654296875,555.5665893554688
8,2,4,"grill,",7,297.7861633300781,319.7861633300781,541.70654296875,555.5665893554688
8,3,4,crocantes,0,118.20020294189453,168.14019775390625,553.7075805664062,567.567626953125
8,3,4,crutones,1,170.8022003173828,215.9681854248047,553.7075805664062,567.567626953125
8,3,4,y,2,218.63018798828125,224.68019104003906,553.7075805664062,567.567626953125
8,3,4,queso,3,227.34219360351562,258.81317138671875,553.7075805664062,567.567626953125
8,3,4,parmesano.,4,261.47515869140625,321.88824462890625,553.7075805664062,567.567626953125
9,0,4,NUGGETS,0,202.76950073242188,259.8547058105469,689.09619140625,704.3001708984375
9,0,4,"c3,500",1,262.7347106933594,299.6214904785156,689.09619140625,704.3001708984375
10,0,4,Nuggets,0,203.4813995361328,247.4263916015625,704.25537109375,718.1154174804688
10,0,4,y,1,250.08839416503906,256.1383972167969,704.25537109375,718.1154174804688
10,0,4,crujientes,2,258.8003845214844,308.9163818359375,704.25537109375,718.1154174804688
10,0,4,papas,3,311.578369140625,341.86138916015625,704.25537109375,718.1154174804688
10,0,4,fritas.,4,344.52337646484375,373.9263610839844,704.25537109375,718.1154174804688
0,0,5,"c19,500",0,74.83499908447266,117.08699798583984,227.81890869140625,243.0229034423828
1,0,5,3,0,66.83789825439453,71.83290100097656,104.71819305419922,116.05819702148438
1,0,5,Arepas,1,73.6509017944336,101.92890167236328,104.71819305419922,116.05819702148438
1,0,5,de,2,103.74690246582031,114.00690460205078,104.71819305419922,116.05819702148438
1,0,5,Pollo,3,115.82490539550781,136.04881286621094,104.71819305419922,116.05819702148438
1,1,5,3,0,66.83789825439453,71.83290100097656,115.51818084716797,126.85818481445312
1,1,5,Arepas,1,73.6509017944336,101.92890167236328,115.51818084716797,126.85818481445312
1,1,5,de,2,103.74690246582031,114.00690460205078,115.51818084716797,126.85818481445312
1,1,5,Queso,3,115.82490539550781,142.8249053955078,115.51818084716797,126.85818481445312
1,2,5,3,0,66.83789825439453,71.83290100097656,126.31816864013672,137.65817260742188
1,2,5,Arepas,1,73.6509017944336,101.92890167236328,126.31816864013672,137.65817260742188
1,2,5,de,2,103.74690246582031,114.00690460205078,126.31816864013672,137.65817260742188
1,2,5,Reina,3,115.82490539550781,138.17279052734375,126.31816864013672,137.65817260742188
1,2,5,Pepiada,4,139.9907989501953,172.01278686523438,126.31816864013672,137.65817260742188
1,3,5,3,0,66.83789825439453,71.83290100097656,137.1181640625,148.45816040039062
1,3,5,Arepas,1,73.6509017944336,101.92890167236328,137.1181640625,148.45816040039062
1,3,5,de,2,103.74690246582031,114.00690460205078,137.1181640625,148.45816040039062
1,3,5,Carne,3,115.82490539550781,139.6479034423828,137.1181640625,148.45816040039062
1,3,5,Mechada,4,141.4658966064453,178.01486206054688,137.1181640625,148.45816040039062
1,4,5,3,0,66.83789825439453,71.83290100097656,147.91815185546875,159.25814819335938
1,4,5,Pastelitos,1,73.6509017944336,113.04479217529297,147.91815185546875,159.25814819335938
1,4,5,de,2,114.86279296875,125.12279510498047,147.91815185546875,159.25814819335938
1,4,5,Pollo,3,126.9407958984375,147.16380310058594,147.91815185546875,159.25814819335938
1,5,5,3,0,66.83789825439453,71.83290100097656,158.7181396484375,170.05813598632812
1,5,5,Pastelitos,1,73.6509017944336,113.04479217529297,158.7181396484375,170.05813598632812
1,5,5,de,2,114.86279296875,125.12279510498047,158.7181396484375,170.05813598632812
1,5,5,Queso,3,126.9407958984375,153.9407958984375,158.7181396484375,170.05813598632812
1,6,5,3,0,66.83789825439453,71.83290100097656,169.51812744140625,180.85812377929688
1,6,5,Pastelitos,1,73.6509017944336,113.04479217529297,169.51812744140625,180.85812377929688
1,6,5,de,2,114.86279296875,125.12279510498047,169.51812744140625,180.85812377929688
1,6,5,Carne,3,126.9407958984375,150.7637939453125,169.51812744140625,180.85812377929688
1,6,5,Molida,4,152.581787109375,179.52777099609375,169.51812744140625,180.85812377929688
1,7,5,3,0,66.83789825439453,71.83290100097656,180.318115234375,191.65811157226562
1,7,5,Pastelitos,1,73.6509017944336,113.04479217529297,180.318115234375,191.65811157226562
1,7,5,de,2,114.86279296875,125.12279510498047,180.318115234375,191.65811157226562
1,7,5,Carne,3,126.9407958984375,150.7637939453125,180.318115234375,191.65811157226562
1,7,5,Mechada,4,152.581787109375,189.13075256347656,180.318115234375,191.65811157226562
1,8,5,24,0,66.83789825439453,77.38589477539062,191.11810302734375,202.45809936523438
1,8,5,Tequeños,1,78.7898941040039,118.36289978027344,191.11810302734375,202.45809936523438
1,8,5,de,2,120.18090057373047,130.44090270996094,191.11810302734375,202.45809936523438
1,8,5,Queso,3,132.25889587402344,159.25889587402344,191.11810302734375,202.45809936523438
1,9,5,3,0,66.83789825439453,71.83290100097656,201.9180908203125,213.25808715820312
1,9,5,Salsas,1,73.6509017944336,98.58990478515625,201.9180908203125,213.25808715820312
1,9,5,de,2,100.40790557861328,110.66790771484375,201.9180908203125,213.25808715820312
1,9,5,2,3,112.48590850830078,117.54390716552734,201.9180908203125,213.25808715820312
1,9,5,onzas,4,119.36190795898438,142.94190979003906,201.9180908203125,213.25808715820312
1,10,5,"(Guasacaca,",0,66.83789825439453,115.52790832519531,212.71807861328125,224.05807495117188
1,10,5,Ajo,1,117.34590911865234,130.9989013671875,212.71807861328125,224.05807495117188
1,10,5,y,2,132.81690979003906,137.76690673828125,212.71807861328125,224.05807495117188
1,10,5,Chipotle),3,139.5849151611328,176.55690002441406,212.71807861328125,224.05807495117188
2,0,5,COMBO,0,57.12739944458008,164.0666046142578,72.06470489501953,108.26470184326172
2,0,5,4,1,169.5838623046875,188.5846405029297,72.06470489501953,108.26470184326172
3,0,5,"c9,500",0,470.1152038574219,506.4512023925781,306.5386047363281,321.74261474609375
4,0,5,2,0,336.837890625,341.8959045410156,328.3984069824219,339.7384033203125
4,0,5,Arepas,1,343.7138671875,371.9918212890625,328.3984069824219,339.7384033203125
4,0,5,de,2,373.809814453125,384.0697937011719,328.3984069824219,339.7384033203125
4,0,5,Pollo,3,385.8877868652344,406.1116638183594,328.3984069824219,339.7384033203125
4,1,5,1,0,336.837890625,341.41888427734375,339.1983947753906,350.53839111328125
4,1,5,Arepa,1,343.23687744140625,367.2038269042969,339.1983947753906,350.53839111328125
4,1,5,de,2,369.0218200683594,379.28179931640625,339.1983947753906,350.53839111328125
4,1,5,Queso,3,381.09979248046875,408.09979248046875,339.1983947753906,350.53839111328125
4,2,5,1,0,336.837890625,341.41888427734375,349.9983825683594,361.33837890625
4,2,5,Arepa,1,343.23687744140625,367.2038269042969,349.9983825683594,361.33837890625
4,2,5,de,2,369.0218200683594,379.28179931640625,349.9983825683594,361.33837890625
4,2,5,Reina,3,381.09979248046875,403.44769287109375,349.9983825683594,361.33837890625
4,2,5,Pepiada,4,405.26568603515625,437.2885437011719,349.9983825683594,361.33837890625
4,3,5,1,0,336.837890625,341.41888427734375,360.7983703613281,372.13836669921875
4,3,5,Arepa,1,343.23687744140625,367.2038269042969,360.7983703613281,372.13836669921875
4,3,5,de,2,369.0218200683594,379.28179931640625,360.7983703613281,372.13836669921875
4,3,5,Carne,3,381.09979248046875,404.92279052734375,360.7983703613281,372.13836669921875
4,3,5,Mechada,4,406.74078369140625,443.2897644042969,360.7983703613281,372.13836669921875
4,4,5,2,0,336.837890625,341.8959045410156,371.5983581542969,382.9383544921875
4,4,5,Pastelitos,1,343.7138671875,383.1069030761719,371.5983581542969,382.9383544921875
4,4,5,de,2,384.9248962402344,395.18487548828125,371.5983581542969,382.9383544921875
4,4,5,Pollo,3,397.00286865234375,417.2258605957031,371.5983581542969,382.9383544921875
4,5,5,1,0,336.837890625,341.41888427734375,382.3983459472656,393.73834228515625
4,5,5,Pastelito,1,343.23687744140625,378.3179931640625,382.3983459472656,393.73834228515625
4,5,5,de,2,380.135986328125,390.3959655761719,382.3983459472656,393.73834228515625
4,5,5,Queso,3,392.2139587402344,419.2139587402344,382.3983459472656,393.73834228515625
4,6,5,1,0,336.837890625,341.41888427734375,393.1983337402344,404.538330078125
4,6,5,Pastelito,1,343.23687744140625,378.3179931640625,393.1983337402344,404.538330078125
4,6,5,de,2,380.135986328125,390.3959655761719,393.1983337402344,404.538330078125
4,6,5,Carne,3,392.2139587402344,416.0369567871094,393.1983337402344,404.538330078125
4,6,5,Molida,4,417.8549499511719,444.8009338378906,393.1983337402344,404.538330078125
4,7,5,1,0,336.837890625,341.41888427734375,403.9983215332031,415.33831787109375
4,7,5,Pastelito,1,343.23687744140625,378.3179931640625,403.9983215332031,415.33831787109375
4,7,5,de,2,380.135986328125,390.3959655761719,403.9983215332031,415.33831787109375
4,7,5,Carne,3,392.2139587402344,416.0369567871094,403.9983215332031,415.33831787109375
4,7,5,Mechada,4,417.8549499511719,454.4039306640625,403.9983215332031,415.33831787109375
4,8,5,10,0,336.837890625,346.8009033203125,414.7983093261719,426.1383056640625
4,8,5,Tequeños,1,348.2048645019531,387.7778625488281,414.7983093261719,426.1383056640625
4,8,5,de,2,389.5958557128906,399.8558349609375,414.7983093261719,426.1383056640625
4,8,5,Queso,3,401.673828125,428.673828125,414.7983093261719,426.1383056640625
4,9,5,1,0,336.837890625,341.41888427734375,425.5982971191406,436.93829345703125
4,9,5,Salsa,1,343.23687744140625,363.8648681640625,425.5982971191406,436.93829345703125
4,9,5,de,2,365.682861328125,375.9428405761719,425.5982971191406,436.93829345703125
4,9,5,2,3,377.7608337402344,382.81884765625,425.5982971191406,436.93829345703125
4,9,5,onzas,4,384.6368103027344,408.21771240234375,425.5982971191406,436.93829345703125
5,0,5,COMBO,0,328.087890625,435.0270690917969,296.2243957519531,332.4244079589844
5,0,5,3,1,440.5443420410156,457.208740234375,296.2243957519531,332.4244079589844
6,0,5,1,0,218.27830505371094,222.8592987060547,501.1986999511719,512.5386962890625
6,0,5,Pastelito,1,224.67730712890625,259.76019287109375,501.1986999511719,512.5386962890625
6,0,5,de,2,261.57818603515625,271.8381652832031,501.1986999511719,512.5386962890625
6,0,5,Pollo,3,273.6561584472656,293.87823486328125,501.1986999511719,512.5386962890625
6,1,5,1,0,218.27830505371094,222.8592987060547,511.99871826171875,523.3386840820312
6,1,5,Pastelito,1,224.67730712890625,259.76019287109375,511.99871826171875,523.3386840820312
6,1,5,de,2,261.57818603515625,271.8381652832031,511.99871826171875,523.3386840820312
6,1,5,Queso,3,273.6561584472656,300.6561584472656,511.99871826171875,523.3386840820312
6,2,5,1,0,218.27830505371094,222.8592987060547,522.7986450195312,534.1386108398438
6,2,5,Pastelito,1,224.67730712890625,259.76019287109375,522.7986450195312,534.1386108398438
6,2,5,Carne,2,261.57818603515625,285.40118408203125,522.7986450195312,534.1386108398438
6,2,5,Molida,3,287.21917724609375,314.1651611328125,522.7986450195312,534.1386108398438
6,3,5,6,0,218.27830505371094,223.6693115234375,533.5986938476562,544.9386596679688
6,3,5,Tequeños,1,225.07330322265625,264.6462707519531,533.5986938476562,544.9386596679688
6,3,5,de,2,266.4642639160156,276.7242431640625,533.5986938476562,544.9386596679688
6,3,5,Queso,3,278.542236328125,305.542236328125,533.5986938476562,544.9386596679688
6,4,5,1,0,218.27830505371094,222.8592987060547,544.398681640625,555.7386474609375
6,4,5,Salsa,1,224.67730712890625,245.30531311035156,544.398681640625,555.7386474609375
6,4,5,de,2,247.12332153320312,257.38330078125,544.398681640625,555.7386474609375
6,4,5,1,3,259.2012939453125,263.78228759765625,544.398681640625,555.7386474609375
6,4,5,onza,4,265.60028076171875,284.87017822265625,544.398681640625,555.7386474609375
7,0,5,COMBO,0,209.5272979736328,316.4664611816406,469.02471923828125,505.2247314453125
7,0,5,2,1,321.9837341308594,338.98590087890625,469.02471923828125,505.2247314453125
8,0,5,"c5,000",0,224.59519958496094,262.0232238769531,560.2183227539062,575.4223022460938
9,0,5,1,0,288.837890625,293.41888427734375,679.0385131835938,690.3784790039062
9,0,5,Pastelito,1,295.23687744140625,330.3179931640625,679.0385131835938,690.3784790039062
9,0,5,de,2,332.135986328125,342.3959655761719,679.0385131835938,690.3784790039062
9,0,5,Pollo,3,344.2139587402344,364.43695068359375,679.0385131835938,690.3784790039062
9,1,5,1,0,288.837890625,293.41888427734375,689.8385009765625,701.178466796875
9,1,5,Pastelito,1,295.23687744140625,330.3179931640625,689.8385009765625,701.178466796875
9,1,5,de,2,332.135986328125,342.3959655761719,689.8385009765625,701.178466796875
9,1,5,Queso,3,344.2139587402344,371.2139587402344,689.8385009765625,701.178466796875
9,2,5,1,0,288.837890625,293.41888427734375,700.6384887695312,711.9784545898438
9,2,5,Pastelito,1,295.23687744140625,330.3179931640625,700.6384887695312,711.9784545898438
9,2,5,Carne,2,332.135986328125,355.958984375,700.6384887695312,711.9784545898438
9,2,5,Molida,3,357.7769775390625,384.72296142578125,700.6384887695312,711.9784545898438
9,3,5,6,0,288.837890625,294.2288818359375,711.4385375976562,722.7785034179688
9,3,5,Tequeños,1,295.63287353515625,335.20587158203125,711.4385375976562,722.7785034179688
9,3,5,de,2,337.02386474609375,347.2838439941406,711.4385375976562,722.7785034179688
9,3,5,Queso,3,349.1018371582031,376.1018371582031,711.4385375976562,722.7785034179688
9,4,5,1,0,288.837890625,293.41888427734375,722.238525390625,733.5784912109375
9,4,5,Salsa,1,295.23687744140625,315.8648681640625,722.238525390625,733.5784912109375
9,4,5,de,2,317.682861328125,327.9428405761719,722.238525390625,733.5784912109375
9,4,5,1,3,329.7608337402344,334.3418273925781,722.238525390625,733.5784912109375
9,4,5,onza,4,336.1598205566406,355.42791748046875,722.238525390625,733.5784912109375
10,0,5,COMBO,0,280.08740234375,387.0265808105469,646.8646240234375,683.0646362304688
10,0,5,1,1,392.5438537597656,407.4348449707031,646.8646240234375,683.0646362304688
10,1,5,"c5,500",0,419.23541259765625,456.0394287109375,656.6987915039062,671.9027709960938
11,0,5,COMBOS,0,21.986299514770508,218.29051208496094,9.41025161743164,65.76007843017578
0,0,6,"c9,000",0,283.5776062011719,320.0035705566406,83.25977325439453,98.24407958984375
0,1,6,20,0,38.99800109863281,49.4379997253418,99.19817352294922,110.53817749023438
0,1,6,Tequeños,1,50.84199905395508,90.41500091552734,99.19817352294922,110.53817749023438
0,1,6,de,2,92.23300170898438,102.49300384521484,99.19817352294922,110.53817749023438
0,1,6,Queso,3,104.31100463867188,131.31100463867188,99.19817352294922,110.53817749023438
0,2,6,1,0,38.99800109863281,43.579002380371094,109.99816131591797,121.33816528320312
0,2,6,salsa,1,45.397003173828125,65.46700286865234,109.99816131591797,121.33816528320312
0,2,6,de,2,67.28500366210938,77.54500579833984,109.99816131591797,121.33816528320312
0,2,6,2,3,79.36300659179688,84.42100524902344,109.99816131591797,121.33816528320312
0,2,6,onzas,4,86.23900604248047,109.81900024414062,109.99816131591797,121.33816528320312
0,3,6,COMBO,0,24.117700576782227,81.95671844482422,81.02021789550781,100.59931182861328
0,3,6,20,1,84.94078063964844,103.6977310180664,81.02021789550781,100.59931182861328
0,3,6,TEQUEÑOS,2,106.22505187988281,190.4334259033203,81.02021789550781,100.59931182861328
0,3,6,DE,3,193.41748046875,212.69207763671875,81.41606140136719,100.59931182861328
1,0,6,"c5,500",0,281.1777038574219,317.44989013671875,130.53956604003906,145.52386474609375
1,1,6,10,0,38.99800109863281,48.961002349853516,146.4783935546875,157.81838989257812
1,1,6,Tequeños,1,50.3650016784668,89.93800354003906,146.4783935546875,157.81838989257812
1,1,6,de,2,91.7560043334961,102.01600646972656,146.4783935546875,157.81838989257812
1,1,6,Queso,3,103.8340072631836,130.83401489257812,146.4783935546875,157.81838989257812
1,2,6,1,0,38.99800109863281,43.579002380371094,157.27838134765625,168.61837768554688
1,2,6,salsa,1,45.397003173828125,65.46700286865234,157.27838134765625,168.61837768554688
1,2,6,de,2,67.28500366210938,77.54500579833984,157.27838134765625,168.61837768554688
1,2,6,2,3,79.36300659179688,84.42100524902344,157.27838134765625,168.61837768554688
1,2,6,onzas,4,86.23900604248047,109.81900024414062,157.27838134765625,168.61837768554688
1,3,6,COMBO,0,24.117700576782227,81.95671844482422,128.30043029785156,147.8795166015625
1,3,6,10,1,84.94078063964844,102.55587005615234,128.30043029785156,147.8795166015625
1,3,6,TEQUEÑOS,2,105.08319091796875,189.2915802001953,128.30043029785156,147.8795166015625
1,3,6,DE,3,192.27561950683594,211.5502166748047,128.69627380371094,147.8795166015625
2,0,6,"c3,000",0,272.53759765625,309.507568359375,177.0996856689453,192.083984375
2,1,6,COMBO,0,24.117700576782227,81.95671844482422,174.86048889160156,194.4395751953125
2,1,6,5,1,84.94078063964844,93.93863677978516,174.86048889160156,194.4395751953125
2,1,6,TEQUEÑOS,2,96.46595764160156,180.67433166503906,174.86048889160156,194.4395751953125
2,1,6,DE,3,183.65838623046875,202.9329833984375,175.25633239746094,194.4395751953125
3,0,6,5,0,38.99800109863281,43.89400100708008,193.03851318359375,204.37850952148438
3,0,6,Tequeños,1,45.29800033569336,84.87100219726562,193.03851318359375,204.37850952148438
3,0,6,de,2,86.68900299072266,96.94900512695312,193.03851318359375,204.37850952148438
3,0,6,Queso,3,98.76700592041016,125.76700592041016,193.03851318359375,204.37850952148438
3,1,6,1,0,38.99800109863281,43.579002380371094,203.8385009765625,215.17849731445312
3,1,6,salsa,1,45.397003173828125,65.46700286865234,203.8385009765625,215.17849731445312
3,1,6,de,2,67.28500366210938,77.54500579833984,203.8385009765625,215.17849731445312
3,1,6,2,3,79.36300659179688,84.42100524902344,203.8385009765625,215.17849731445312
3,1,6,onzas,4,86.23900604248047,109.81900024414062,203.8385009765625,215.17849731445312
4,0,6,"c9,500",0,461.658203125,497.46917724609375,309.09967041015625,324.083984375
4,1,6,3,0,324.3583984375,329.3533935546875,325.03851318359375,336.3785095214844
4,1,6,Arepas,1,331.17138671875,359.4493408203125,325.03851318359375,336.3785095214844
4,1,6,de,2,361.267333984375,371.5273132324219,325.03851318359375,336.3785095214844
4,1,6,Pollo,3,373.3453063964844,393.5673828125,325.03851318359375,336.3785095214844
4,2,6,3,0,324.3583984375,329.3533935546875,335.8385009765625,347.1784973144531
4,2,6,Arepas,1,331.17138671875,359.4493408203125,335.8385009765625,347.1784973144531
4,2,6,de,2,361.267333984375,371.5273132324219,335.8385009765625,347.1784973144531
4,2,6,Queso,3,373.3453063964844,400.3453063964844,335.8385009765625,347.1784973144531
4,3,6,3,0,324.3583984375,329.3533935546875,346.63848876953125,357.9784851074219
4,3,6,Arepas,1,331.17138671875,359.4493408203125,346.63848876953125,357.9784851074219
4,3,6,de,2,361.267333984375,371.5273132324219,346.63848876953125,357.9784851074219
4,3,6,Reina,3,373.3453063964844,395.69232177734375,346.63848876953125,357.9784851074219
4,3,6,Pepiada,4,397.51031494140625,429.53228759765625,346.63848876953125,357.9784851074219
4,4,6,3,0,324.3583984375,329.3533935546875,357.4384765625,368.7784729003906
4,4,6,Arepas,1,331.17138671875,359.4493408203125,357.4384765625,368.7784729003906
4,4,6,de,2,361.267333984375,371.5273132324219,357.4384765625,368.7784729003906
4,4,6,Carne,3,373.3453063964844,397.1683044433594,357.4384765625,368.7784729003906
4,4,6,Mechada,4,398.9862976074219,435.5352783203125,357.4384765625,368.7784729003906
4,5,6,1,0,324.3583984375,328.93939208984375,368.23846435546875,379.5784606933594
4,5,6,Salsa,1,330.75738525390625,351.3853759765625,368.23846435546875,379.5784606933594
4,5,6,de,2,353.203369140625,363.4633483886719,368.23846435546875,379.5784606933594
4,5,6,2,3,365.2813415527344,370.33935546875,368.23846435546875,379.5784606933594
4,5,6,onzas,4,372.1573181152344,395.73822021484375,368.23846435546875,379.5784606933594
5,0,6,COMBO,0,309.4775085449219,367.3165283203125,306.8605041503906,326.4396057128906
5,0,6,12,1,370.3005676269531,387.2457580566406,306.8605041503906,326.4396057128906
5,0,6,AREPAS,2,390.2298278808594,449.54718017578125,306.8605041503906,326.4396057128906
6,0,6,"c5,500",0,456.3778991699219,492.65008544921875,392.3798522949219,407.3641662597656
6,1,6,2,0,324.3583984375,329.4164123535156,408.3188171386719,419.6588134765625
6,1,6,Arepas,1,331.234375,359.5123291015625,408.3188171386719,419.6588134765625
6,1,6,de,2,361.330322265625,371.5903015136719,408.3188171386719,419.6588134765625
6,1,6,Pollo,3,373.4082946777344,393.6321716308594,408.3188171386719,419.6588134765625
6,2,6,2,0,324.3583984375,329.4164123535156,419.1188049316406,430.45880126953125
6,2,6,Arepas,1,331.234375,359.5123291015625,419.1188049316406,430.45880126953125
6,2,6,de,2,361.330322265625,371.5903015136719,419.1188049316406,430.45880126953125
6,2,6,Queso,3,373.4082946777344,400.4082946777344,419.1188049316406,430.45880126953125
6,3,6,1,0,324.3583984375,328.93939208984375,429.9187927246094,441.2587890625
6,3,6,Arepa,1,330.75738525390625,354.7243347167969,429.9187927246094,441.2587890625
6,3,6,de,2,356.5423278808594,366.80230712890625,429.9187927246094,441.2587890625
6,3,6,Reina,3,368.62030029296875,390.96820068359375,429.9187927246094,441.2587890625
6,3,6,Pepiada,4,392.78619384765625,424.8090515136719,429.9187927246094,441.2587890625
6,4,6,1,0,324.3583984375,328.93939208984375,440.7187805175781,452.05877685546875
6,4,6,Arepa,1,330.75738525390625,354.7243347167969,440.7187805175781,452.05877685546875
6,4,6,de,2,356.5423278808594,366.80230712890625,440.7187805175781,452.05877685546875
6,4,6,Carne,3,368.62030029296875,392.44329833984375,440.7187805175781,452.05877685546875
6,4,6,Mechada,4,394.26129150390625,430.8102722167969,440.7187805175781,452.05877685546875
6,5,6,1,0,324.3583984375,328.93939208984375,451.5187683105469,462.8587646484375
6,5,6,Salsa,1,330.75738525390625,351.3853759765625,451.5187683105469,462.8587646484375
6,5,6,de,2,353.203369140625,363.4633483886719,451.5187683105469,462.8587646484375
6,5,6,2,3,365.2813415527344,370.33935546875,451.5187683105469,462.8587646484375
6,5,6,onzas,4,372.1573181152344,395.73822021484375,451.5187683105469,462.8587646484375
7,0,6,COMBO,0,309.4775085449219,367.3165283203125,390.1402893066406,409.7193908691406
7,0,6,6,1,370.3005676269531,380.24237060546875,390.1402893066406,409.7193908691406
7,0,6,AREPAS,2,383.2264099121094,442.542236328125,390.1402893066406,409.7193908691406
8,0,6,"c8,000",0,246.37789916992188,283.9155578613281,585.33984375,600.3241577148438
8,1,6,3,0,73.55809783935547,78.5531005859375,601.2786865234375,612.61865234375
8,1,6,Pastelitos,1,80.37110137939453,119.7649917602539,601.2786865234375,612.61865234375
8,1,6,de,2,121.58299255371094,131.84298706054688,601.2786865234375,612.61865234375
8,1,6,Pollo,3,133.66099548339844,153.88400268554688,601.2786865234375,612.61865234375
8,2,6,3,0,73.55809783935547,78.5531005859375,612.0786743164062,623.4186401367188
8,2,6,Pastelitos,1,80.37110137939453,119.7649917602539,612.0786743164062,623.4186401367188
8,2,6,de,2,121.58299255371094,131.84298706054688,612.0786743164062,623.4186401367188
8,2,6,Queso,3,133.66099548339844,160.66099548339844,612.0786743164062,623.4186401367188
8,3,6,3,0,73.55809783935547,78.5531005859375,622.8787231445312,634.2186889648438
8,3,6,Pastelitos,1,80.37110137939453,119.7649917602539,622.8787231445312,634.2186889648438
8,3,6,de,2,121.58299255371094,131.84298706054688,622.8787231445312,634.2186889648438
8,3,6,Carne,3,133.66099548339844,157.48399353027344,622.8787231445312,634.2186889648438
8,3,6,Molida,4,159.30198669433594,186.2479705810547,622.8787231445312,634.2186889648438
8,4,6,3,0,73.55809783935547,78.5531005859375,633.6787109375,645.0186767578125
8,4,6,Pastelitos,1,80.37110137939453,119.7649917602539,633.6787109375,645.0186767578125
8,4,6,de,2,121.58299255371094,131.84298706054688,633.6787109375,645.0186767578125
8,4,6,Carne,3,133.66099548339844,157.48399353027344,633.6787109375,645.0186767578125
8,4,6,Mechada,4,159.30198669433594,195.8509521484375,633.6787109375,645.0186767578125
8,5,6,1,0,73.55809783935547,78.13909912109375,644.4786987304688,655.8186645507812
8,5,6,Salsa,1,79.95709991455078,100.5851058959961,644.4786987304688,655.8186645507812
8,5,6,de,2,102.40310668945312,112.6631088256836,644.4786987304688,655.8186645507812
8,5,6,2,3,114.48110961914062,119.53910827636719,644.4786987304688,655.8186645507812
8,5,6,onzas,4,121.35710906982422,144.93711853027344,644.4786987304688,655.8186645507812
9,0,6,COMBO,0,59.397499084472656,117.23651885986328,583.1002197265625,602.6793212890625
9,0,6,12,1,120.2205810546875,137.16578674316406,583.1002197265625,602.6793212890625
9,0,6,PASTELITOS,2,140.14984130859375,231.92495727539062,583.1002197265625,602.6793212890625
10,0,6,"c5,000",0,246.37789916992188,283.26507568359375,673.1796875,688.1640014648438
10,1,6,2,0,73.55809783935547,78.61609649658203,689.1185913085938,700.4585571289062
10,1,6,Pastelitos,1,80.43409729003906,119.82708740234375,689.1185913085938,700.4585571289062
10,1,6,de,2,121.64508819580078,131.90509033203125,689.1185913085938,700.4585571289062
10,1,6,Pollo,3,133.72308349609375,153.9460906982422,689.1185913085938,700.4585571289062
10,2,6,2,0,73.55809783935547,78.61609649658203,699.9186401367188,711.2586059570312
10,2,6,Pastelitos,1,80.43409729003906,119.82708740234375,699.9186401367188,711.2586059570312
10,2,6,de,2,121.64508819580078,131.90509033203125,699.9186401367188,711.2586059570312
10,2,6,Queso,3,133.72308349609375,160.72308349609375,699.9186401367188,711.2586059570312
10,3,6,1,0,73.55809783935547,78.13909912109375,710.7186279296875,722.05859375
10,3,6,Pastelito,1,79.95709991455078,115.03999328613281,710.7186279296875,722.05859375
10,3,6,de,2,116.85799407958984,127.11799621582031,710.7186279296875,722.05859375
10,3,6,Carne,3,128.9359893798828,152.7589874267578,710.7186279296875,722.05859375
10,3,6,Molida,4,154.5769805908203,181.52296447753906,710.7186279296875,722.05859375
10,4,6,1,0,73.55809783935547,78.13909912109375,721.5186157226562,732.8585815429688
10,4,6,Pastelito,1,79.95709991455078,115.03999328613281,721.5186157226562,732.8585815429688
10,4,6,de,2,116.85799407958984,127.11799621582031,721.5186157226562,732.8585815429688
10,4,6,Carne,3,128.9359893798828,152.7589874267578,721.5186157226562,732.8585815429688
10,4,6,Mechada,4,154.5769805908203,191.12594604492188,721.5186157226562,732.8585815429688
10,5,6,1,0,73.55809783935547,78.13909912109375,732.318603515625,743.6585693359375
10,5,6,Salsa,1,79.95709991455078,100.5851058959961,732.318603515625,743.6585693359375
10,5,6,de,2,102.40310668945312,112.6631088256836,732.318603515625,743.6585693359375
10,5,6,1,3,114.48110961914062,119.0621109008789,732.318603515625,743.6585693359375
10,5,6,onza,4,120.88011169433594,140.15000915527344,732.318603515625,743.6585693359375
11,0,6,COMBO,0,59.397499084472656,117.23651885986328,670.9400634765625,690.5191650390625
11,0,6,6,1,120.2205810546875,130.16238403320312,670.9400634765625,690.5191650390625
11,0,6,PASTELITOS,2,133.1464385986328,224.92306518554688,670.9400634765625,690.5191650390625
12,0,6,COMBOS,0,21.986299514770508,218.29051208496094,9.41025161743164,65.76007843017578
0,0,7,COCA,0,47.70209884643555,88.0781021118164,75.86902618408203,93.60702514648438
0,0,7,COLA,1,91.43810272216797,130.07809448242188,75.86902618408203,93.60702514648438
0,0,7,regular,2,133.43809509277344,179.8201141357422,75.86902618408203,93.60702514648438
0,0,7,355ml:,3,183.18011474609375,227.28012084960938,75.86902618408203,93.60702514648438
0,0,7,"c1,000",4,230.66812133789062,272.92010498046875,75.96702575683594,93.60702514648438
1,0,7,COCA,0,47.70209884643555,88.0781021118164,99.86499786376953,117.60299682617188
1,0,7,COLA,1,91.43810272216797,130.07809448242188,99.86499786376953,117.60299682617188
1,0,7,zero,2,133.43809509277344,161.7600860595703,99.86499786376953,117.60299682617188
1,0,7,355ml:,3,165.12008666992188,209.30409240722656,99.86499786376953,117.60299682617188
1,0,7,"c1,000",4,212.6920928955078,255.22406005859375,99.96299743652344,117.60299682617188
2,0,7,GINGER,0,47.70209884643555,99.95010375976562,123.86096954345703,141.59896850585938
2,0,7,ALE,1,103.31010437011719,128.9300994873047,123.86096954345703,141.59896850585938
2,0,7,355ml:,2,132.29010009765625,176.47410583496094,123.86096954345703,141.59896850585938
2,0,7,"c1,000",3,179.8341064453125,222.3660888671875,123.95896911621094,141.59896850585938
3,0,7,GINGER,0,47.70209884643555,99.95010375976562,147.85693359375,165.59494018554688
3,0,7,ALE,1,103.31010437011719,128.9300994873047,147.85693359375,165.59494018554688
3,0,7,zero,2,132.29010009765625,160.61209106445312,147.85693359375,165.59494018554688
3,0,7,355ml:,3,163.9720916748047,208.15609741210938,147.85693359375,165.59494018554688
3,0,7,"c1,100",4,211.54409790039062,251.6680908203125,147.95494079589844,165.59494018554688
4,0,7,SPRITE,0,47.70209884643555,94.16809844970703,171.8529052734375,189.59091186523438
4,0,7,zero,1,97.5280990600586,125.85010528564453,171.8529052734375,189.59091186523438
4,0,7,355ml:,2,129.21009826660156,173.39410400390625,171.8529052734375,189.59091186523438
4,0,7,"c1,100",3,176.7821044921875,216.6260986328125,171.95091247558594,189.59091186523438
5,0,7,FANTA,0,47.70209884643555,93.60809326171875,195.848876953125,213.58688354492188
5,0,7,NARANJA,1,96.96809387207031,164.09808349609375,195.848876953125,213.58688354492188
5,0,7,355ml:,2,167.4580841064453,211.64208984375,195.848876953125,213.58688354492188
5,0,7,"c1,000",3,215.03009033203125,257.2820739746094,195.94688415527344,213.58688354492188
6,0,7,MALTA,0,47.70209884643555,93.98609161376953,219.8448486328125,237.58285522460938
6,0,7,355ml:,1,97.3460922241211,141.5301055908203,219.8448486328125,237.58285522460938
6,0,7,"c1,500",2,144.91810607910156,186.34408569335938,219.94285583496094,237.58285522460938
7,0,7,AGUA,0,47.70209884643555,87.95210266113281,243.8408203125,261.5788269042969
7,0,7,600ml:,1,91.31210327148438,138.07211303710938,243.8408203125,261.5788269042969
7,0,7,c800,2,141.46011352539062,173.464111328125,243.93882751464844,261.5788269042969
8,0,7,TÉ,0,47.70209884643555,64.4321060180664,267.8368225097656,285.5748291015625
8,0,7,22,1,67.79210662841797,83.80811309814453,267.8368225097656,285.5748291015625
8,0,7,oz:,2,87.1681137084961,106.50211334228516,267.8368225097656,285.5748291015625
8,0,7,"c1,000",3,109.86211395263672,152.11410522460938,267.934814453125,285.5748291015625
9,0,7,FUZE,0,47.70209884643555,82.6321029663086,291.83282470703125,309.5708312988281
9,0,7,TEA,1,85.41810607910156,112.27011108398438,291.83282470703125,309.5708312988281
9,0,7,500ml:,2,115.63011169433594,161.5921173095703,291.83282470703125,309.5708312988281
9,0,7,"c1,200",3,164.98011779785156,206.65811157226562,291.93084716796875,309.5708312988281
10,0,7,2,0,47.040000915527344,53.3995361328125,419.18133544921875,433.4393615722656
10,0,7,Onzas:,1,55.68534851074219,90.76463317871094,419.18133544921875,433.4393615722656
10,0,7,c500,2,93.05044555664062,118.23963928222656,419.18133544921875,433.4393615722656
10,1,7,7,0,47.040000915527344,53.35427474975586,435.5893859863281,449.847412109375
10,1,7,Onzas:,1,55.64008712768555,90.71937561035156,435.5893859863281,449.847412109375
10,1,7,"c2,500",2,93.00518798828125,127.42815399169922,435.5893859863281,449.847412109375
11,0,7,AJO,0,47.637699127197266,78.33090209960938,396.1402893066406,415.7193908691406
12,0,7,2,0,47.18600082397461,53.545536041259766,506.78094482421875,521.0390014648438
12,0,7,Onzas:,1,55.83134841918945,90.91063690185547,506.78094482421875,521.0390014648438
12,0,7,c500,2,93.19644927978516,118.3856430053711,506.78094482421875,521.0390014648438
12,1,7,7,0,47.03889465332031,53.35316848754883,523.3361206054688,537.5941772460938
12,1,7,Onzas:,1,55.638980865478516,90.71826934814453,523.3361206054688,537.5941772460938
12,1,7,"c2,500",2,93.00408172607422,127.42704772949219,523.3361206054688,537.5941772460938
13,0,7,CHIPOTLE,0,47.637699127197266,123.03092193603516,483.7408752441406,503.3199768066406
14,0,7,2,0,47.040000915527344,53.3995361328125,597.2614135742188,611.5194702148438
14,0,7,Onzas:,1,55.68534851074219,90.76463317871094,597.2614135742188,611.5194702148438
14,0,7,c500,2,93.05044555664062,118.23963928222656,597.2614135742188,611.5194702148438
14,1,7,7,0,47.040000915527344,53.35427474975586,613.8165893554688,628.0746459960938
14,1,7,Onzas:,1,55.64008712768555,90.71937561035156,613.8165893554688,628.0746459960938
14,1,7,"c2,500",2,93.00518798828125,127.42815399169922,613.8165893554688,628.0746459960938
15,0,7,GUASACACA,0,47.637699127197266,144.65013122558594,574.2202758789062,593.7993774414062
16,0,7,BEBIDAS,0,29.90089988708496,107.76651000976562,25.394371032714844,49.22925567626953
17,0,7,SALSAS,0,33.47426223754883,104.17445373535156,344.82672119140625,368.6615905761719
0,0,8,OFRECEMOS,0,138.0106964111328,247.38894653320312,164.07803344726562,186.9669647216797
0,0,8,SERVICIOS,1,251.64694213867188,343.8854064941406,164.07803344726562,186.9669647216797
0,0,8,CATERING,2,348.1434020996094,438.29779052734375,164.07803344726562,186.9669647216797
1,0,8,EVENTOS,0,229.02540588378906,285.2710876464844,212.79176330566406,228.4875946044922
1,0,8,SOCIALES,1,288.3401184082031,346.3883972167969,212.79176330566406,228.4875946044922
1,1,8,EVENTOS,0,210.17286682128906,266.4185791015625,195.8933868408203,211.58921813964844
1,1,8,CORPORATIVOS,1,269.48760986328125,365.2259216308594,195.8933868408203,211.58921813964844
2,0,8,SIGUENOS,0,258.2485046386719,317.6004638671875,593.2388916015625,608.27490234375
3,0,8,TAMBIÉN,0,223.82049560546875,274.8324890136719,490.1349182128906,505.1709289550781
3,0,8,ESTAMOS,1,277.7724914550781,332.16845703125,490.1349182128906,505.1709289550781
3,0,8,EN:,2,335.10845947265625,354.5004577636719,490.1349182128906,505.1709289550781
4,0,8,HAZ,0,235.49899291992188,264.0485534667969,405.5053405761719,423.0105895996094
4,0,8,TU,1,266.68536376953125,285.8334655761719,405.5053405761719,423.0105895996094
4,0,8,PEDIDO,2,289.0763244628906,340.2667541503906,405.5053405761719,423.0105895996094
5,0,8,MÁS,0,217.12600708007812,248.89599609375,240.78390502929688,259.68389892578125
5,0,8,INFORMACIÓN,1,252.5260009765625,358.8759765625,240.78390502929688,259.68389892578125
5,1,8,8496,0,238.63720703125,285.7333068847656,261.8457946777344,285.61773681640625
5,1,8,6860,1,290.1555480957031,337.25164794921875,261.8457946777344,285.61773681640625
6,0,8,TENEMOS,0,131.904296875,214.86207580566406,324.2305603027344,346.205810546875
6,0,8,SERVICIO,1,219.0247039794922,296.83123779296875,324.2305603027344,346.205810546875
6,0,8,EXPRESS,2,300.9938659667969,373.9942932128906,324.2305603027344,346.205810546875
6,0,8,PROPIO,3,378.15692138671875,444.4294738769531,324.2305603027344,346.205810546875
7,0,8,ESTAMOS,0,223.0146026611328,292.9483642578125,712.4699096679688,731.8008422851562
7,0,8,UBICADOS,1,296.7281494140625,374.9928894042969,712.4699096679688,731.8008422851562
8,0,8,MOMENTUM,0,143.13330078125,217.25729370117188,743.6177368164062,758.9057006835938
8,0,8,-,1,220.10128784179688,224.16928100585938,743.6177368164062,758.9057006835938
8,0,8,PINARES,2,227.01327514648438,278.08526611328125,743.6177368164062,758.9057006835938
8,1,8,PLAZA,0,328.1903991699219,368.3424072265625,743.6177368164062,758.9057006835938
8,1,8,ROHRMOSER,1,371.1864013671875,447.60357666015625,743.6177368164062,758.9057006835938
